Date,Return_0,Return_1,Return_2,Return_3,Return_4,Return_5,Return_6,Return_7,Return_8,Return_9,Beta_0,Beta_1,Beta_2,Beta_3,Beta_4,Beta_5,Beta_6,Beta_7,Beta_8,Beta_9
2003-01-31,0.01567926366988104,-0.00910020441778327,0.003342320888346582,-0.006357556550873399,0.0074315604194731865,0.0006142886623343816,-0.01839665705720219,-0.022126781370025127,0.02115902576216916,0.00022568816973851544,,,,,,,,,,
2003-02-28,-0.018128583556851444,-0.008956076355197611,-0.02252345188171251,-0.0336768849274746,-0.02681041890363928,-0.024762952172388168,-0.022260777552046786,-0.01385788931028381,-0.02972344425988864,-0.026265538529694325,,,,,,,,,,
2003-03-31,0.012772602448408641,0.01687071891484426,0.00789755829054616,0.025608605430187753,0.015881761112681983,0.011513471310556012,0.008703806001361652,0.018372084686479273,0.014050847594256675,0.019897211524717226,,,,,,,,,,
2003-04-30,0.08633873718312936,0.07690598310143455,0.09998898686313916,0.0931500730801504,0.11182101722130626,0.09597737464648065,0.12948473626812007,0.12399771585496525,0.1074520843726387,0.13994490735955498,,,,,,,,,,
2003-05-30,0.12002638405310685,0.11858986658958122,0.11148585424217898,0.12869396900394003,0.14925296603663205,0.12294717386755048,0.12139366758023845,0.1653642628276271,0.1585917929018726,0.17494177480136006,,,,,,,,,,
2003-06-30,0.06235128612741881,0.059054988081027805,0.05227184243832848,0.05450745599478406,0.025696069133785172,0.03487598777265863,0.058115241632655135,0.05978571465553467,0.05091249913156661,0.07184106476375084,,,,,,,,,,
2003-07-31,0.0561062534132673,0.06514180029251569,0.08638848598334634,0.06529285873572614,0.08162018592611534,0.09690691362208638,0.08481381476248506,0.06117135485381554,0.08914952123083085,0.08760240482990214,,,,,,,,,,
2003-08-29,0.04195638772956092,0.052874303751860675,0.053248722232807494,0.05216841912594522,0.07464019693378998,0.045515763639192755,0.04695164316933953,0.056012022782942525,0.06718444861685327,0.05765331071064805,,,,,,,,,,
2003-09-30,0.03290852927796273,0.03734366228985912,0.0221419110683812,0.010540707449683417,0.010980374302534915,0.019864857874087087,0.0008850114977894474,0.00423480397816408,0.01650100470002178,0.020122128222248563,,,,,,,,,,
2003-10-31,0.07149099094088186,0.07615334306762224,0.0883289596722508,0.08366773762893266,0.08950671209757831,0.09509916541186571,0.09202933924900594,0.0849772790767285,0.0904528095174266,0.1011257368677563,,,,,,,,,,
2003-11-28,0.038790016042185016,0.05044317034843086,0.05304713490468982,0.036256907822880234,0.04432506621588353,0.04609843738530059,0.040942044480925414,0.04926161985265825,0.03765163261051601,0.030495181577907857,,,,,,,,,,
2003-12-31,0.02850840534065955,0.04939998059870599,0.024710301836559343,0.04243726730013339,0.037109075874009974,0.04157252417173441,0.05665296376469565,0.06410412199076128,0.02625230746486136,0.034122560419884984,,,,,,,,,,
2004-01-30,0.06364162243066264,0.08525107211628823,0.05900425943521218,0.04785847258335181,0.05622675199375108,0.04556275684523922,0.061963033394833666,0.08199076952496126,0.07256143930936318,0.09201275616852612,,,,,,,,,,
2004-02-27,0.013811668301649344,0.013721226593146894,0.015770476730507233,0.023719179964402357,0.005298925771972413,0.011306911322883138,0.0380220573997086,0.014072410124368315,0.016299255403454525,0.01217012466956358,,,,,,,,,,
2004-03-31,0.01137674105879713,-0.0006226536833392761,0.0004130810100755784,0.007987908936532522,0.005138056753702658,-0.0004930097657518522,0.008919810608802125,0.008407505842871484,0.009471559712035355,0.010339585389936238,,,,,,,,,,
2004-04-30,-0.031328908071953536,-0.018086899502898726,-0.028355001286663996,-0.025090399861403413,-0.029122515740729996,-0.02947287964839554,-0.018831652111426195,-0.02523031516742055,-0.03660292424568924,-0.04389463810845727,,,,,,,,,,
2004-05-28,0.004074327106563195,0.00588792453933994,-0.00902000205753206,0.003073505234252398,0.008680429827526101,0.003284142297835248,0.0009786050909564182,0.008366561312444471,0.0054564967069741415,0.001792718941049481,,,,,,,,,,
2004-06-30,0.006813398206828894,0.021203889594027244,0.031859540185148985,0.036595422628869716,0.02739552939907562,0.030828035735250735,0.03973019447237402,0.03735334265649034,0.023084663115489873,0.026306617435021745,,,,,,,,,,
2004-07-30,-0.05678974208719918,-0.05584552209927804,-0.05756057608518996,-0.05947735550736753,-0.0697444212724644,-0.048210678960347135,-0.060943126629151974,-0.06557744376572311,-0.06246956233581753,-0.07380639216779712,,,,,,,,,,
2004-08-31,-0.006992144726035025,-0.0024428077437621686,-0.005883494520227505,-0.008338663374130544,-0.015616950492795486,-0.006285600218447208,-0.008825554014227318,-0.009563728712011122,-0.02348017275955843,-0.02249794991686939,,,,,,,,,,
2004-09-30,0.027160138738952292,0.04156331391606017,0.047625428846916056,0.03892118515629836,0.046179590510979474,0.046617780182674366,0.054632385912209064,0.03891571052946334,0.04975775917434865,0.06670500552209621,,,,,,,,,,
2004-10-29,0.015177410252457436,0.0244730295003751,0.02425266850352198,0.023925791108761772,0.022155048199115988,0.014766195577818584,0.014788234582826973,0.035066864355643844,0.01293469133936534,0.02048167082032117,,,,,,,,,,
2004-11-30,0.07217665268504209,0.0998078088287698,0.075456238313089,0.08960729819209866,0.08038057058145788,0.0888095578340801,0.08335037462069537,0.09696300586276857,0.0971758290870639,0.10663198948492983,,,,,,,,,,
2004-12-31,0.05462151602398691,0.07187116556293482,0.05144978267275671,0.0520955382845357,0.0598762836426905,0.053029720651731525,0.042511030858139856,0.06004182009713194,0.052749896553653496,0.06562582463439592,,,,,,,,,,
2005-01-31,-0.029704102571005052,-0.03326738165108477,-0.027955470722317646,-0.020506537314851456,-0.04262847156700047,-0.022037341114741805,-0.03446832085966011,-0.03261244662264669,-0.0380106512233131,-0.04381490421622601,,,,,,,,,,
2005-02-28,-0.004715881088349184,0.005006396851576841,0.013475419284038243,0.006383177726423706,0.011093080014768412,0.02083072747090494,0.024686213245682587,0.027425989700953335,0.023733047118243512,0.0199194155458493,,,,,,,,,,
2005-03-31,-0.031261000640692344,-0.013197832431206556,-0.016080560045782483,-0.03287853763217572,-0.03320847415038177,-0.024961836283902306,-0.020135812396701005,-0.019788330529257527,-0.03538674787778697,-0.04360558008134831,,,,,,,,,,
2005-04-29,-0.04516986677240014,-0.048096166007649675,-0.053174075472851016,-0.047039455932254594,-0.04503504528941488,-0.053486371046040496,-0.05827143143744454,-0.05822419766365468,-0.06540384610520426,-0.0763581072477047,,,,,,,,,,
2005-05-31,0.011612962439404144,0.05273565260695298,0.05033208149301998,0.06303288033094294,0.0513396979198581,0.04932548598184561,0.05404619434782502,0.05924266782449811,0.07546977630250862,0.07053982131417963,,,,,,,,,,
2005-06-30,0.017388743900751652,0.037504982288935486,0.033410991879051305,0.03041757227308228,0.04097483841599914,0.03226247814220066,0.03865366947972511,0.03980465814854773,0.04172831016896655,0.04536742312089793,,,,,,,,,,
2005-07-29,0.054817141908715714,0.05527207439149367,0.06560806125568118,0.05096784867151746,0.06585530596589645,0.07873643138487021,0.0756474016282918,0.08131353316003033,0.06810007042133183,0.07290608591385617,,,,,,,,,,
2005-08-31,-0.009867865645355776,-0.00726674663942675,-0.005013216760874328,-0.0123998068930181,-0.014225758904295446,-0.020490327072419132,-0.013386881034286906,-0.0041910695876435375,-0.008598855602513495,0.00615848618213527,,,,,,,,,,
2005-09-30,0.0031841829873428674,0.006321044960642822,0.0007952391557314254,0.017242733441266905,0.01186963731694133,0.010971063438023159,0.006493810640617472,0.015102025822939498,0.00994939396701238,0.009772644051670954,,,,,,,,,,
2005-10-31,-0.024552364414994372,-0.031009228419519804,-0.019025277543917734,-0.020091088351559535,-0.029663853202329983,-0.03368244355725539,-0.029691841025821498,-0.028298433265916318,-0.03586031371570317,-0.043494481685572656,,,,,,,,,,
2005-11-30,0.01742956240970202,0.02251215953133361,0.036319852172026025,0.0405401591200795,0.05117989495574985,0.045100514876526,0.04571862993907416,0.041423694554901025,0.041806532664237374,0.04594135196541362,,,,,,,,,,
2005-12-30,0.0017077872900516568,0.010133102278283937,0.010487082659107584,0.020857685888283115,0.005238130744954106,0.005444308291809746,0.007202557285065426,0.007075540695293626,0.018460984187511107,0.0066108173066161575,,,,,,,,,,
2006-01-31,0.05864915975532035,0.07286747673336665,0.0743159647410573,0.06953000050830328,0.06845540265203454,0.08133715382313025,0.08732891283263756,0.09121916991090828,0.08659445543975032,0.10660906895169933,,,,,,,,,,
2006-02-28,0.01365838586678828,0.002043033735342807,0.0012246688213568098,0.0160261690744665,0.00826215341942644,0.013035203766085128,0.00283208010232952,0.003912236513344634,0.007607248677521331,-0.008345620266782742,,,,,,,,,,
2006-03-31,0.040250206367364164,0.0498124156892602,0.04105488787216832,0.044072740771892174,0.033314327301315276,0.043730176444742294,0.04209259752029768,0.04330146616501434,0.03829504617345359,0.05529106932534546,,,,,,,,,,
2006-04-28,-0.010915512594482127,0.011915360104618836,0.005594818760591072,0.007187305719204226,0.007725162202989383,0.015304968583242042,0.01465164560850853,0.00809439821960965,0.002637398490124562,0.0023019984654016105,,,,,,,,,,
2006-05-31,-0.026994509312681193,-0.036705140119311086,-0.043362546616004076,-0.03955042445685478,-0.045766233916167014,-0.04807207934125119,-0.05239843848062509,-0.05693603225161011,-0.06832634846248173,-0.05955334982704973,,,,,,,,,,
2006-06-30,-0.002562953079767475,-0.003158961775420138,-0.0035698206373911533,0.002236849956287969,-0.004553252673910809,-0.0019395185924160735,-0.015096082200793184,-0.016374515821377254,-0.012248190415764368,-0.020349483987177886,,,,,,,,,,
2006-07-31,-0.02718149774734455,-0.02503881280530545,-0.02539204787257951,-0.0262099123437176,-0.037344225732466346,-0.029407952557903627,-0.03162303021461529,-0.0362034574941834,-0.046642336837233435,-0.04021831929129204,,,,,,,,,,
2006-08-31,0.011070258228203017,0.032870850137132965,0.01438317092527291,0.03178477705348216,0.022514986594577725,0.025445291119198278,0.019919488196312177,0.019920294062314114,0.022681220235279576,0.02723682124075393,,,,,,,,,,
2006-09-29,0.011169062234619422,0.005025741868302834,0.011133392060769553,0.014167393495882585,0.021808284612776577,0.016816759149895603,0.01074968578154345,0.01325269264087577,0.012171125993609646,-0.0027697092045647167,,,,,,,,,,
2006-10-31,0.04113533567208101,0.04626467146607163,0.04717132274474865,0.05121169817311273,0.05287677249269765,0.04980898215983879,0.053137787071604645,0.052997271245125134,0.055650180305487344,0.0647573131044533,,,,,,,,,,
2006-11-30,0.020029989339790926,0.02877944596067566,0.0342114845909292,0.03648469321005329,0.025001778762015033,0.02492407770238135,0.03859264439557611,0.02324007647383982,0.02474618997736088,0.027518345252492256,,,,,,,,,,
2006-12-29,0.015270295818818183,0.008521512217040152,0.00898693621289714,0.01918877441285328,0.016275903674526304,0.020664534074506812,0.008721377623172332,0.014054437834930308,0.014092535031513309,0.004439753643442319,,,,,,,,,,
2007-01-31,0.02767196742241899,0.02607017170816153,0.0232537784924451,0.016278543627131214,0.022031300631646485,0.023798252662371063,0.029794259075417034,0.02635623287717,0.014806267439202733,0.023264818271344294,,,,,,,,,,
2007-02-28,0.022598891155529297,0.010136079269791423,-0.005288359948872312,-0.007217857869691214,-0.0006045713590434441,0.00511255463629359,-0.006584830166557413,0.004045941783344525,-0.006332655645553143,-0.004722158139920791,,,,,,,,,,
2007-03-30,-0.0020853900960905213,0.016354280778682083,0.0027478892020701183,-0.0011623429517773189,0.010563683877584872,0.006053742571192591,0.008812449933241573,0.0026167881066556918,0.012712892030619762,0.0023092530776140973,,,,,,,,,,
2007-04-30,0.006792108462356733,0.012963559142557179,0.009744283054835405,0.016197574319389934,0.024546578817241208,0.04287662882009772,0.037296810749103314,0.03539968462168354,0.029637551620405274,0.025228632509878262,,,,,,,,,,
2007-05-31,-0.0003061426773664525,0.014509987217842368,0.02069123998515726,0.034401062604182256,0.023770880073234274,0.030626935529083982,0.03160538572092264,0.04537270375617987,0.028472039614835295,0.029193387981397582,,,,,,,,,,
2007-06-29,-0.010253293759677647,-0.0035002930903218258,-0.003040123304547246,-0.01110273023138835,-0.004958845991559589,-0.0026766994376596458,-0.007697917426449773,-0.00641860016923684,-0.01582851839894644,-0.008816401336024028,,,,,,,,,,
2007-07-31,-0.02745340526169194,-0.04202684488995831,-0.04999282327487222,-0.05194000885899298,-0.049455089712683274,-0.05048081902099447,-0.060009380337892965,-0.057604850064006625,-0.0559202565332617,-0.08333484969276184,,,,,,,,,,
2007-08-31,-0.02249145556379517,-0.011064539947760252,-0.0024300356484832034,-0.007728310347481642,-0.0031955420344822404,-0.004920108014967745,-0.0030082899577290817,0.005526144848507597,-0.014272740449833012,-0.016620275243639765,,,,,,,,,,
2007-09-28,0.005711310391912597,0.008267984889063862,0.01829752100580293,0.021818857430211332,0.019059414212321744,0.031136698063048987,0.011816302927966657,0.013501542461698034,0.010150792657790442,0.010926788614386783,,,,,,,,,,
2007-10-31,-0.00805104212507123,0.027258538214585588,0.015827566322551466,0.015444279193749012,0.010367851539558156,0.01037737170991022,0.009717551417582269,0.009523729607866304,0.023749836578534803,0.02191336196875312,,,,,,,,,,
2007-11-30,-0.0698317275512394,-0.07406176242868384,-0.05854600793966735,-0.06357795565947522,-0.0712860737751137,-0.0755842450186356,-0.0752443208181589,-0.08631211021566278,-0.11021047200750643,-0.11091512874038868,,,,,,,,,,
2007-12-31,-0.03818210307825507,-0.011763476982540827,-0.006138868779307071,-0.012856058293085101,-0.010678985834994248,-0.0033878117233685752,-0.02023720226371756,-0.01661416880131044,-0.003768684971320474,-0.01559234992099421,,,,,,,,,,
2008-01-31,-0.010855579413017864,-0.04251358229226842,-0.038635718194004014,-0.04151749842304587,-0.04460161245646735,-0.05976160097418836,-0.057987155941538984,-0.06647474059140865,-0.06292243906017854,-0.08711605690121411,,,,,,,,,,
2008-02-29,-0.03196088710936928,-0.013414948413901452,-0.021093074198640687,-0.017093790434421705,-0.033548287370685125,-0.015333480950332533,-0.016649874130612433,-0.03721547742047878,-0.027215004829072888,-0.03622438053013789,13.823319788597765,16.62045910831613,16.95259910285545,17.48125128334589,18.314615097513858,19.05361937363464,19.693696487080548,20.550565143357446,21.61395064690107,23.473360727724202
2008-03-31,-0.061007859515921685,-0.019652382104016163,-0.006344953292149172,-0.013554993757239737,-0.014524112803761023,-0.023555492061031243,-0.011082791567228729,-0.015302016439845365,-0.010092662362620939,-0.04290492708642998,11.819156510985987,14.71296737918298,15.33445676603927,15.812351601724796,16.472227068864573,17.125137249667723,17.76587560391431,18.524551322330684,19.457437064620034,20.7835873952377
2008-04-30,-0.054904714863367426,-0.0018257857895384803,0.020344192186226517,0.03395501050355713,0.03545397643473678,0.03392469240898657,0.036190729591202564,0.040354640603366396,0.04474276304819018,0.07323118202853948,8.01894956029973,11.236583229294993,12.232527601126039,12.81216661579886,13.42527519072001,13.886801264497748,14.178990540575963,14.882498650559208,16.28671477489048,17.8961403537155
2008-05-30,0.026083268516457543,0.02070209686005414,0.020553545749648093,0.03429935227819335,0.03264771485865982,0.028151184510518578,0.043386074315632815,0.029365244583316203,0.04408490684953245,0.07075207683066016,8.01894956029973,11.236583229294993,12.232527601126039,12.81216661579886,13.42527519072001,13.886801264497748,14.178990540575963,14.882498650559208,16.28671477489048,17.8961403537155
2008-06-30,-0.06314157149761927,-0.06818546554258442,-0.08570360152911899,-0.08881846676475115,-0.10315686343775499,-0.1141342998875009,-0.10852078839979379,-0.11081624785080996,-0.1092278736520506,-0.10587532683111289,9.060143563169952,12.200447293411386,13.58619563368073,14.386931405358746,15.262170340523538,15.783831513476356,15.937226647996381,16.5987694926543,18.132299489306842,19.66486084009551
2008-07-31,-0.04285520430692461,0.016351022649447662,0.002071554826008031,0.015582893615301635,0.03125243660592698,0.016663277401839063,0.02766177862092886,0.018421633303935626,0.021431726113494056,0.022572668339593677,9.550489498259342,13.284322532186932,14.63613225765496,15.756289209267067,16.822226432619594,17.197186920504503,17.473144921764508,18.204470192960596,19.816045534016258,21.655130419846
2008-08-29,0.0017930099463173113,0.03847855184603202,0.03307275124338048,0.02778406301335966,0.02650699145335632,0.03268730941175151,0.024788598745288208,0.026058120813820907,0.026525941762587706,0.04212376794205403,9.550489498259342,13.284322532186932,14.63613225765496,15.756289209267067,16.822226432619594,17.197186920504503,17.473144921764508,18.204470192960596,19.816045534016258,21.655130419846
2008-09-30,-0.10475649449936784,-0.08481238877086346,-0.07021652967680769,-0.08959279078860871,-0.08900585781847095,-0.10354076755113314,-0.102072228582872,-0.1444821785835709,-0.1284252090305487,-0.15152670706086438,10.489427189651847,14.25443203991779,15.346262983645829,16.782183508635594,17.769323827200438,18.396809101960834,18.667416905504986,19.937177843210232,21.532286433685677,23.470009942061246
2008-10-31,-0.089186423980685,-0.15074968995653232,-0.18445702918717943,-0.19588480059781965,-0.1875451054611486,-0.22733211556635097,-0.2255201094043917,-0.24921130923411466,-0.27969346007003193,-0.30432661778377657,11.790890032520702,16.69711140863966,18.171461029264236,19.84757889496582,20.42656130745479,21.724714070362005,22.11055879254086,23.747567821147733,25.478867717747644,27.95192588665286
2008-11-28,-0.14569436421333598,-0.1116628096230376,-0.09389947197455582,-0.12281034542747717,-0.10937617750305925,-0.14143272832741824,-0.1279848355978694,-0.15805068784045295,-0.17843166745652148,-0.18086749012778366,11.790890032520702,16.69711140863966,18.171461029264236,19.84757889496582,20.42656130745479,21.724714070362005,22.11055879254086,23.747567821147733,25.478867717747644,27.95192588665286
2008-12-31,-0.09805763186817838,0.005992431120905216,0.013500100373007291,0.033743525535416846,0.020791947957659433,0.03870704325353597,0.045215672883591185,0.05200436209385998,0.048887060168476985,0.1510941546966844,8.311320878924466,14.954465194068144,16.69749527522885,18.54653854729405,18.526714990092366,20.285923174827076,21.17799902378081,22.722451586496703,24.600624014770005,30.911972032613644
2009-01-30,-0.0003059859667211817,-0.017681644560765306,-0.06533270502579697,-0.04596389814167663,-0.05715524369601714,-0.0709941896520343,-0.08417088629018205,-0.0419361166178416,-0.027914744126891156,-0.034878903016484275,8.311320878924466,14.954465194068144,16.69749527522885,18.54653854729405,18.526714990092366,20.285923174827076,21.17799902378081,22.722451586496703,24.600624014770005,30.911972032613644
2009-02-27,-0.10252913262125779,-0.10236488759952544,-0.11730052964792143,-0.09293275018673298,-0.11844135108875417,-0.11227909774823784,-0.13287551280251247,-0.1296391043825541,-0.12787143571443774,-0.14630487133478048,8.311320878924466,14.954465194068144,16.69749527522885,18.54653854729405,18.526714990092366,20.285923174827076,21.17799902378081,22.722451586496703,24.600624014770005,30.911972032613644
2009-03-31,0.13786279800324283,0.07932609779436933,0.10138738485707184,0.13558079801544268,0.1361153897676503,0.11453646403190094,0.140170025284333,0.11819661427719412,0.1554311157567595,0.15110164247715718,8.311320878924466,14.954465194068144,16.69749527522885,18.54653854729405,18.526714990092366,20.285923174827076,21.17799902378081,22.722451586496703,24.600624014770005,30.911972032613644
2009-04-30,0.15056823226428345,0.14622013366729095,0.15687763747406902,0.21672366464203247,0.1785956645195553,0.22869482133158503,0.23214576889470204,0.2900006214038828,0.2546692965521297,0.3064393869198611,8.311320878924466,14.954465194068144,16.69749527522885,18.54653854729405,18.526714990092366,20.285923174827076,21.17799902378081,22.722451586496703,24.600624014770005,30.911972032613644
2009-05-29,0.10563606106810958,0.08972059270487799,0.07682731399825204,0.08857066586696177,0.08131168347069115,0.08106588013943956,0.07509276698938663,0.08602883465727484,0.10091792828243325,0.14097080004407253,8.311320878924466,14.954465194068144,16.69749527522885,18.54653854729405,18.526714990092366,20.285923174827076,21.17799902378081,22.722451586496703,24.600624014770005,30.911972032613644
2009-06-30,0.05454421385996134,0.04490687488796734,0.01994791153150115,0.02602070183562809,0.014068247009701587,0.02703324368317285,0.03885370014147166,0.02564904925727966,0.03519332215754409,0.03338553683110743,8.311320878924466,14.954465194068144,16.69749527522885,18.54653854729405,18.526714990092366,20.285923174827076,21.17799902378081,22.722451586496703,24.600624014770005,30.911972032613644
2009-07-31,0.05071182609483362,0.0739537545734565,0.08901973839927654,0.08020686070151219,0.09393765568772021,0.08451351003773759,0.10239877233186072,0.10188663389013737,0.11321991411875934,0.10213396476700708,8.311320878924466,14.954465194068144,16.69749527522885,18.54653854729405,18.526714990092366,20.285923174827076,21.17799902378081,22.722451586496703,24.600624014770005,30.911972032613644
2009-08-31,0.07229293228306305,0.05030020458165698,0.047025995383516296,0.03189322144985175,0.06400059929325765,0.06946173511406516,0.08096803489456761,0.08676334232322264,0.07094151057199068,0.0982311685925847,8.311320878924466,14.954465194068144,16.69749527522885,18.54653854729405,18.526714990092366,20.285923174827076,21.17799902378081,22.722451586496703,24.600624014770005,30.911972032613644
2009-09-30,0.04503503218982098,0.043720893219690644,0.07251870031178799,0.04420831847177723,0.06564153945644713,0.056471554634516086,0.0651748155775446,0.07147918978258298,0.09993090837831191,0.08478509430149965,8.311320878924466,14.954465194068144,16.69749527522885,18.54653854729405,18.526714990092366,20.285923174827076,21.17799902378081,22.722451586496703,24.600624014770005,30.911972032613644
2009-10-30,-0.04985002243280083,-0.050365769643790526,-0.05969323620884667,-0.04106810311911206,-0.05173023179449395,-0.04633205239692773,-0.05649759366542639,-0.07603280418498132,-0.08041467364967109,-0.09409425780712859,8.311320878924466,14.954465194068144,16.69749527522885,18.54653854729405,18.526714990092366,20.285923174827076,21.17799902378081,22.722451586496703,24.600624014770005,30.911972032613644
2009-11-30,0.0032652440835460057,0.012767551234312684,0.011071506918256485,0.028106025356252062,0.024062073966479264,0.022228527777517836,0.0335105966868294,0.009735970787859212,0.03234027798242747,0.027070227425313776,8.311320878924466,14.954465194068144,16.69749527522885,18.54653854729405,18.526714990092366,20.285923174827076,21.17799902378081,22.722451586496703,24.600624014770005,30.911972032613644
2009-12-31,0.04472556574348508,0.046623708334953634,0.07199299468979385,0.05066809339928113,0.07353383189552158,0.06634242555794943,0.06703570553633784,0.09024541069229988,0.08216632790073782,0.08161049104433174,8.311320878924466,14.954465194068144,16.69749527522885,18.54653854729405,18.526714990092366,20.285923174827076,21.17799902378081,22.722451586496703,24.600624014770005,30.911972032613644
2010-01-29,0.009234584424990528,-0.001908144693057198,-0.009281282040516453,0.005687352452380529,-0.014539249882990015,-0.0023244106971170853,-0.008741809837091857,-0.019388885399997873,-0.004781195962995678,-0.02977019656919984,8.311320878924466,14.954465194068144,16.69749527522885,18.54653854729405,18.526714990092366,20.285923174827076,21.17799902378081,22.722451586496703,24.600624014770005,30.911972032613644
2010-02-26,0.01856428276948222,0.03457889813653838,0.03498956204974245,0.036943250337530535,0.03913880841131473,0.040086983894650624,0.04449133337050112,0.03891285285610323,0.04678699533532787,0.04965462785221281,8.311320878924466,14.954465194068144,16.69749527522885,18.54653854729405,18.526714990092366,20.285923174827076,21.17799902378081,22.722451586496703,24.600624014770005,30.911972032613644
2010-03-31,0.08443415927868787,0.059355337994313265,0.06919742587207037,0.07076324022821255,0.07834246101337497,0.08922091292666327,0.08299239768454215,0.0700988908985386,0.08810849180048833,0.10927171958078642,8.311320878924466,14.954465194068144,16.69749527522885,18.54653854729405,18.526714990092366,20.285923174827076,21.17799902378081,22.722451586496703,24.600624014770005,30.911972032613644
2010-04-30,0.07901615127136996,0.07330038596969361,0.07930822386265111,0.07306536085718782,0.06136955169677569,0.07270879874240663,0.07915990464537859,0.07450713222183107,0.07486732531777211,0.09728528291087571,8.311320878924466,14.954465194068144,16.69749527522885,18.54653854729405,18.526714990092366,20.285923174827076,21.17799902378081,22.722451586496703,24.600624014770005,30.911972032613644
2010-05-28,-0.06972300211631996,-0.06096488115730222,-0.07801142437447778,-0.07107000097174158,-0.07073869965686316,-0.07035259789376545,-0.08857915892041417,-0.09104845427129775,-0.08710558881054296,-0.11141144677155349,8.311320878924466,14.954465194068144,16.69749527522885,18.54653854729405,18.526714990092366,20.285923174827076,21.17799902378081,22.722451586496703,24.600624014770005,30.911972032613644
2010-06-30,-0.04985223851598797,-0.052161173795448476,-0.06992954610047848,-0.06703416294890063,-0.07346487011803024,-0.07361640256387246,-0.08346398045304011,-0.08941942978748299,-0.07781259392032215,-0.11107261436492206,8.311320878924466,14.954465194068144,16.69749527522885,18.54653854729405,18.526714990092366,20.285923174827076,21.17799902378081,22.722451586496703,24.600624014770005,30.911972032613644
2010-07-30,0.021529562509900072,0.0528666831096834,0.05559916004895543,0.04761390887754348,0.054287639359017106,0.061933498715117406,0.06908057141754398,0.06693971925321408,0.06414311941772062,0.07115610402115859,8.311320878924466,14.954465194068144,16.69749527522885,18.54653854729405,18.526714990092366,20.285923174827076,21.17799902378081,22.722451586496703,24.600624014770005,30.911972032613644
2010-08-31,-0.06161702642026025,-0.03930096928317714,-0.06437313314789442,-0.05385926858081504,-0.06387052955879424,-0.07858620180373821,-0.07493494708835835,-0.06778282681247702,-0.07547761509545126,-0.09375634804655196,8.311320878924466,14.954465194068144,16.69749527522885,18.54653854729405,18.526714990092366,20.285923174827076,21.17799902378081,22.722451586496703,24.600624014770005,30.911972032613644
2010-09-30,0.0756224345526425,0.080427083189414,0.11128778717201203,0.10143981318979624,0.10828893395886195,0.11038803615810647,0.11627421717421002,0.1145314566229241,0.12278630798444175,0.15606704827348578,8.311320878924466,14.954465194068144,16.69749527522885,18.54653854729405,18.526714990092366,20.285923174827076,21.17799902378081,22.722451586496703,24.600624014770005,30.911972032613644
2010-10-29,0.03149918724113586,0.03879214899847938,0.037104884967258334,0.04693998361409283,0.031005900795063344,0.04032521746618203,0.04896711722665914,0.042718021905338625,0.043377341549916945,0.06012623108561254,8.311320878924466,14.954465194068144,16.69749527522885,18.54653854729405,18.526714990092366,20.285923174827076,21.17799902378081,22.722451586496703,24.600624014770005,30.911972032613644
2010-11-30,0.018630119852060822,0.027190325117784585,0.01586445618526615,0.022906942232829002,0.02649591015610245,0.02365673028941791,0.03262607008826678,0.01616695892476451,0.023471825810578023,0.030363650786773774,8.311320878924466,14.954465194068144,16.69749527522885,18.54653854729405,18.526714990092366,20.285923174827076,21.17799902378081,22.722451586496703,24.600624014770005,30.911972032613644
2010-12-31,0.049293160139780974,0.04713175320491798,0.08082220400321427,0.0784450653231525,0.08096186197568188,0.08566066658955773,0.0963851147553972,0.09928714687195887,0.09338230549766033,0.11549440761115579,8.311320878924466,14.954465194068144,16.69749527522885,18.54653854729405,18.526714990092366,20.285923174827076,21.17799902378081,22.722451586496703,24.600624014770005,30.911972032613644
2011-01-31,0.028341015785345543,0.01231010758324152,0.017111954554549058,0.014261258454115678,0.014504093247059573,0.023970299502171756,0.0220858526949191,0.02768749483366264,0.027073042131870843,0.013575298984752114,8.311320878924466,14.954465194068144,16.69749527522885,18.54653854729405,18.526714990092366,20.285923174827076,21.17799902378081,22.722451586496703,24.600624014770005,30.911972032613644
2011-02-28,0.03574274811489391,0.04358122607721433,0.03813702410342978,0.06619137779563355,0.03842977305367189,0.029145498701030715,0.04313227161768908,0.054721762696330264,0.042260068950563064,0.06186869265939759,8.311320878924466,14.954465194068144,16.69749527522885,18.54653854729405,18.526714990092366,20.285923174827076,21.17799902378081,22.722451586496703,24.600624014770005,30.911972032613644
2011-03-31,0.020101561631752893,0.014605883937449483,0.01547594373411721,0.01185912952329883,0.015227942882081557,0.014411372495565268,0.01720158178144821,0.014175589286330201,0.02744207486969983,0.01598610082325154,8.311320878924466,14.954465194068144,16.69749527522885,18.54653854729405,18.526714990092366,20.285923174827076,21.17799902378081,22.722451586496703,24.600624014770005,30.911972032613644
2011-04-29,0.0059725070545818566,0.001926426186043774,0.024164936274162628,0.00430480866687024,0.02388061760123779,0.011397471393512085,0.02061771379962956,0.02460549483869516,0.025782898800837128,0.011682955333702361,8.311320878924466,14.954465194068144,16.69749527522885,18.54653854729405,18.526714990092366,20.285923174827076,21.17799902378081,22.722451586496703,24.600624014770005,30.911972032613644
2011-05-31,-0.016225833460422837,-0.0022512158131533745,-0.02442041529650303,-0.013509673940551603,-0.01670901182870966,-0.016265128160425406,-0.010637251418841673,-0.016779338598143012,-0.021466606617240612,-0.04269342987485337,8.311320878924466,14.954465194068144,16.69749527522885,18.54653854729405,18.526714990092366,20.285923174827076,21.17799902378081,22.722451586496703,24.600624014770005,30.911972032613644
2011-06-30,-0.010626300344522678,-0.023180431207481325,-0.013375933819513594,-0.011804586408160962,-0.02744594058139764,-0.030283696855605176,-0.025129164842730246,-0.028084515739559963,-0.03063459386453535,-0.043172374064870754,8.311320878924466,14.954465194068144,16.69749527522885,18.54653854729405,18.526714990092366,20.285923174827076,21.17799902378081,22.722451586496703,24.600624014770005,30.911972032613644
2011-07-29,-0.020410048630997064,-0.018938971382093186,-0.013713629585385976,-0.02119925524725016,-0.017527057907128798,-0.02755140391594152,-0.031316474403683486,-0.044872618026399455,-0.035855326423567625,-0.03282846294329217,8.311320878924466,14.954465194068144,16.69749527522885,18.54653854729405,18.526714990092366,20.285923174827076,21.17799902378081,22.722451586496703,24.600624014770005,30.911972032613644
2011-08-31,-0.06955435635573266,-0.05901012247589276,-0.08328378674876828,-0.06754194158695302,-0.08321988684260492,-0.09124264216895005,-0.08576169201160634,-0.09066538238747147,-0.10332221715382763,-0.15172690820643608,8.311320878924466,14.954465194068144,16.69749527522885,18.54653854729405,18.526714990092366,20.285923174827076,21.17799902378081,22.722451586496703,24.600624014770005,30.911972032613644
2011-09-30,-0.07418261301107096,-0.0745892545638588,-0.08761705365465412,-0.09409643883828318,-0.09556833588764373,-0.11322475449192558,-0.10821301250461099,-0.10981537822527603,-0.10876958078303416,-0.17282693865667,8.311320878924466,14.954465194068144,16.69749527522885,18.54653854729405,18.526714990092366,20.285923174827076,21.17799902378081,22.722451586496703,24.600624014770005,30.911972032613644
2011-10-31,0.05307150739577484,0.09390007332541489,0.09517649771170873,0.11015235702855795,0.12089399645443527,0.13010008104101053,0.1395608327327002,0.13035651495709066,0.1464023120324495,0.18691500956591664,8.311320878924466,14.954465194068144,16.69749527522885,18.54653854729405,18.526714990092366,20.285923174827076,21.17799902378081,22.722451586496703,24.600624014770005,30.911972032613644
2011-11-30,-0.027224708351306616,-0.011484524465614316,-0.00766515787313758,-0.004312826258386624,-0.006942633312412679,0.0012188591741296752,-0.01692809681940617,-0.013415267165717292,-0.02951485598842785,-0.04470680531715772,8.311320878924466,14.954465194068144,16.69749527522885,18.54653854729405,18.526714990092366,20.285923174827076,21.17799902378081,22.722451586496703,24.600624014770005,30.911972032613644
2011-12-30,-0.010249111751917244,0.008670794575413815,0.01061839665127473,3.5749822165608285e-05,-0.0014538783260624178,0.009466563853777197,0.005750343803083524,-0.00842720936236938,0.0019787848250033616,-0.00010834112581978082,8.311320878924466,14.954465194068144,16.69749527522885,18.54653854729405,18.526714990092366,20.285923174827076,21.17799902378081,22.722451586496703,24.600624014770005,30.911972032613644
2012-01-31,0.0725931869737981,0.06460641061221667,0.07103316519175935,0.07243640256611635,0.09977866317979048,0.08496804460810381,0.09052562581258211,0.09567102464399581,0.10940973971596253,0.12415124399488844,8.311320878924466,14.954465194068144,16.69749527522885,18.54653854729405,18.526714990092366,20.285923174827076,21.17799902378081,22.722451586496703,24.600624014770005,30.911972032613644
2012-02-29,0.044598150868170545,0.02652151954772658,0.033006548475299984,0.0396922023966134,0.034003087499553185,0.04091766998634482,0.04811655400891353,0.04341565209203923,0.0574177247726383,0.03969874812572237,8.311320878924466,14.954465194068144,16.69749527522885,18.54653854729405,18.526714990092366,20.285923174827076,21.17799902378081,22.722451586496703,24.600624014770005,30.911972032613644
2012-03-30,0.05078583341613315,0.032855277328244024,0.04795044524859365,0.031629997010943676,0.04228893507570319,0.03295243238863935,0.03850889568648628,0.031045236594299853,0.02605115086019126,0.023276238151683847,8.311320878924466,14.954465194068144,16.69749527522885,18.54653854729405,18.526714990092366,20.285923174827076,21.17799902378081,22.722451586496703,24.600624014770005,30.911972032613644
2012-04-30,0.0006738066026428063,0.002015730582821061,0.008453284253206671,-0.014204358988036535,-0.009063685095896919,-0.0018192639689160771,-0.023122654487232615,-0.012004180145275404,-0.01603019257600717,-0.03621511987423756,8.311320878924466,14.954465194068144,16.69749527522885,18.54653854729405,18.526714990092366,20.285923174827076,21.17799902378081,22.722451586496703,24.600624014770005,30.911972032613644
2012-05-31,-0.053677537819654605,-0.04153635570857752,-0.05186708905513606,-0.05039093958666469,-0.04804389802491648,-0.07364107044435368,-0.07959642231481236,-0.0668182987006261,-0.0795349677779597,-0.11847198393360714,8.311320878924466,14.954465194068144,16.69749527522885,18.54653854729405,18.526714990092366,20.285923174827076,21.17799902378081,22.722451586496703,24.600624014770005,30.911972032613644
2012-06-29,0.029721069897980772,0.046098715045199905,0.03964801394220845,0.034479468953854925,0.038644896422856824,0.035086843494430656,0.047186626622294024,0.0404456467109008,0.04354217174160639,0.036037519982374915,8.311320878924466,14.954465194068144,16.69749527522885,18.54653854729405,18.526714990092366,20.285923174827076,21.17799902378081,22.722451586496703,24.600624014770005,30.911972032613644
2012-07-31,0.010193605470451936,-0.007145972054939807,-0.008679395706477324,-0.008908441146523803,-0.0072271677033957,-0.010481330458866034,0.0008927887240516683,0.0006338332426337174,-0.022029298880552706,-0.02646463520193265,8.311320878924466,14.954465194068144,16.69749527522885,18.54653854729405,18.526714990092366,20.285923174827076,21.17799902378081,22.722451586496703,24.600624014770005,30.911972032613644
2012-08-31,0.025066580855441355,0.00870168336200756,0.035071108490394014,0.02900009913016468,0.02192476960560881,0.035531628928170585,0.035681587412869385,0.019806289395395044,0.03238441158182204,0.04638752401092461,8.311320878924466,14.954465194068144,16.69749527522885,18.54653854729405,18.526714990092366,20.285923174827076,21.17799902378081,22.722451586496703,24.600624014770005,30.911972032613644
2012-09-28,0.03383955139726725,0.04070488852503557,0.042278748641076114,0.03530221515948581,0.03753602665618534,0.03345695988177429,0.03732859790166877,0.042297963150490205,0.037717543502820874,0.05835484940766578,8.311320878924466,14.954465194068144,16.69749527522885,18.54653854729405,18.526714990092366,20.285923174827076,21.17799902378081,22.722451586496703,24.600624014770005,30.911972032613644
2012-10-31,-0.010418731328832007,-0.016048759256666077,-0.013857133968130434,-0.0031154729954898544,-0.014838583803729362,-0.009595667062094436,-0.016128236846751954,-0.01986629292533027,-0.01941980310686091,-0.053450109291474035,8.311320878924466,14.954465194068144,16.69749527522885,18.54653854729405,18.526714990092366,20.285923174827076,21.17799902378081,22.722451586496703,24.600624014770005,30.911972032613644
2012-11-30,-0.006798861824115109,0.0025101479803241815,0.01250670343977286,0.013068767191642391,0.007634363397954287,0.014471413008268274,0.015054057328746774,-0.0010970907461918874,-0.0018150560622258733,-0.009631972323228807,8.311320878924466,14.954465194068144,16.69749527522885,18.54653854729405,18.526714990092366,20.285923174827076,21.17799902378081,22.722451586496703,24.600624014770005,30.911972032613644
2012-12-31,0.029295674409966745,0.018436879148451317,0.019908097882725143,0.03267474888690785,0.023305122457407363,0.02627189156289481,0.03175823592843555,0.03258655524198557,0.0276022659477157,0.02379872310365561,8.311320878924466,14.954465194068144,16.69749527522885,18.54653854729405,18.526714990092366,20.285923174827076,21.17799902378081,22.722451586496703,24.600624014770005,30.911972032613644
2013-01-31,0.06705332763133896,0.06374799526764353,0.06126328694547684,0.06351158311418272,0.07679330098730539,0.0750078931958082,0.08075212349618639,0.07210394501860189,0.07804958543196941,0.09443743733422165,8.311320878924466,14.954465194068144,16.69749527522885,18.54653854729405,18.526714990092366,20.285923174827076,21.17799902378081,22.722451586496703,24.600624014770005,30.911972032613644
2013-02-28,0.027334864515488826,0.02361604846659348,0.017878305856575454,0.0054924391239433235,0.011617970445765433,0.01793821043187131,0.017815340641444306,0.0022242607127591304,0.005595518463446443,-0.010520326953023762,8.311320878924466,14.954465194068144,16.69749527522885,18.54653854729405,18.526714990092366,20.285923174827076,21.17799902378081,22.722451586496703,24.600624014770005,30.911972032613644
2013-03-28,0.05627679728643598,0.052573157181134,0.046609531777058316,0.049691493319316986,0.04481502046064885,0.037243637308175946,0.04894390745315165,0.045073032082346504,0.037526884955885687,0.0405868808820899,8.311320878924466,14.954465194068144,16.69749527522885,18.54653854729405,18.526714990092366,20.285923174827076,21.17799902378081,22.722451586496703,24.600624014770005,30.911972032613644
2013-04-30,0.014232811864322355,0.007163202989284325,0.0029784434609502297,0.000502041245524128,0.005324394510450872,-0.003906920398898461,-0.006815030794707127,-0.0024202349728784304,-0.0010021207142897675,-0.009878237810596905,8.311320878924466,14.954465194068144,16.69749527522885,18.54653854729405,18.526714990092366,20.285923174827076,21.17799902378081,22.722451586496703,24.600624014770005,30.911972032613644
2013-05-31,0.03520980058925819,0.034101291961711376,0.04061704246773654,0.037169567554588154,0.05436703446996527,0.049260467004495566,0.0575632206814674,0.04774954660596798,0.04115663960560535,0.07916831172389917,8.311320878924466,14.954465194068144,16.69749527522885,18.54653854729405,18.526714990092366,20.285923174827076,21.17799902378081,22.722451586496703,24.600624014770005,30.911972032613644
2013-06-28,-0.0011689210747534546,0.0032769526049953343,0.004810508549291877,0.005184647041377583,-0.004654185140820362,0.0006668391143580139,0.0037932093105287855,-0.004046045375117759,0.001622689113411186,-0.021749381318489903,8.311320878924466,14.954465194068144,16.69749527522885,18.54653854729405,18.526714990092366,20.285923174827076,21.17799902378081,22.722451586496703,24.600624014770005,30.911972032613644
2013-07-31,0.07071652287624702,0.07656260760549563,0.07032140652348078,0.06445016067803384,0.07277029925505167,0.06499365812367625,0.06359074993726486,0.07062685774215469,0.07596842731592954,0.1131701700969306,8.311320878924466,14.954465194068144,16.69749527522885,18.54653854729405,18.526714990092366,20.285923174827076,21.17799902378081,22.722451586496703,24.600624014770005,30.911972032613644
2013-08-30,-0.008039461404074579,-0.018728397081246264,-0.018389100210206306,-0.022670021599970936,-0.019012973507083517,-0.022682320560403813,-0.018972254932406785,-0.02302202677155753,-0.02553620479486047,-0.019931839592724123,8.311320878924466,14.954465194068144,16.69749527522885,18.54653854729405,18.526714990092366,20.285923174827076,21.17799902378081,22.722451586496703,24.600624014770005,30.911972032613644
2013-09-30,0.03299714134607308,0.047258217658710557,0.06271332649897134,0.04572946824028557,0.05156791671454258,0.05941510531337766,0.05874225068368291,0.0728927022260175,0.07035841340371068,0.07625261722665364,8.311320878924466,14.954465194068144,16.69749527522885,18.54653854729405,18.526714990092366,20.285923174827076,21.17799902378081,22.722451586496703,24.600624014770005,30.911972032613644
2013-10-31,0.026003356932280668,0.022915639840147082,0.03128674733618807,0.026883167116161354,0.0307825163245009,0.035909763928743656,0.02499461755449734,0.034126172710378516,0.02179615274062305,0.014565514337479097,8.311320878924466,14.954465194068144,16.69749527522885,18.54653854729405,18.526714990092366,20.285923174827076,21.17799902378081,22.722451586496703,24.600624014770005,30.911972032613644
2013-11-29,0.04577650553452455,0.028861477221675313,0.04154026712089953,0.04057785915038859,0.046158751276784135,0.04018078097372441,0.04714549235192438,0.04896913189537978,0.047804483632580254,0.04528317087985526,8.311320878924466,14.954465194068144,16.69749527522885,18.54653854729405,18.526714990092366,20.285923174827076,21.17799902378081,22.722451586496703,24.600624014770005,30.911972032613644
2013-12-31,0.020093434722307516,0.024276035071963135,0.020912157303452077,0.024112949237668786,0.035541460901447386,0.040103372831126395,0.046038399502244885,0.028133756068645585,0.024534326134562922,0.03129977855086939,8.311320878924466,14.954465194068144,16.69749527522885,18.54653854729405,18.526714990092366,20.285923174827076,21.17799902378081,22.722451586496703,24.600624014770005,30.911972032613644
2014-01-31,0.05390296119315151,-0.0016085150972795028,0.0014495082617452392,-0.011347439977512723,0.004935163168825031,-0.017835496875140334,-0.014100860244361682,0.020600609636579226,0.0021122444643399945,-0.011695533497170483,8.311320878924466,14.954465194068144,16.69749527522885,18.54653854729405,18.526714990092366,20.285923174827076,21.17799902378081,22.722451586496703,24.600624014770005,30.911972032613644
2014-02-28,0.012618251161489721,0.04648286352257801,0.03936126936696927,0.04357817050843301,0.03763119528768564,0.059122150993438295,0.0478636257402615,0.05032659271541475,0.04871147672298442,0.08339709645477246,8.311320878924466,14.954465194068144,16.69749527522885,18.54653854729405,18.526714990092366,20.285923174827076,21.17799902378081,22.722451586496703,24.600624014770005,30.911972032613644
2014-03-31,0.005412574534736146,0.00616501906605215,0.0035281655114967657,0.0005237150905361652,0.010640347967784293,0.009633416191911269,0.008505011069623564,0.006571767325052982,-0.003406947893067962,-0.029388272846699693,8.311320878924466,14.954465194068144,16.69749527522885,18.54653854729405,18.526714990092366,20.285923174827076,21.17799902378081,22.722451586496703,24.600624014770005,30.911972032613644
2014-04-30,-0.03970705708365939,-0.031151032467194466,-0.039086280508477365,-0.02362830087216717,-0.03409371991258713,-0.03572619572955045,-0.037383262562029715,-0.0379973304428902,-0.04943736895902789,-0.052415926212533104,8.311320878924466,14.954465194068144,16.69749527522885,18.54653854729405,18.526714990092366,20.285923174827076,21.17799902378081,22.722451586496703,24.600624014770005,30.911972032613644
2014-05-30,-0.00118637712653919,0.00943645259456786,0.006241812487905514,0.008436089050981796,0.0004442853783410726,0.006089137794996844,0.008372354542370883,0.005445482705595188,0.0015697728949672887,-0.02034722578292743,8.311320878924466,14.954465194068144,16.69749527522885,18.54653854729405,18.526714990092366,20.285923174827076,21.17799902378081,22.722451586496703,24.600624014770005,30.911972032613644
2014-06-30,0.04547412113116291,0.03324805223242596,0.03514641187407001,0.04153797921739729,0.03897985198182737,0.04066196965955896,0.049001718422783745,0.061451723120599586,0.05141078729737456,0.06849605909616482,8.311320878924466,14.954465194068144,16.69749527522885,18.54653854729405,18.526714990092366,20.285923174827076,21.17799902378081,22.722451586496703,24.600624014770005,30.911972032613644
2014-07-31,-0.04850987567554027,-0.03216401576646887,-0.04152611882525361,-0.04650405125805085,-0.03771610086725401,-0.050952584349896565,-0.042951526935748434,-0.05529412613523483,-0.055964495195969,-0.05724913841226206,12.372056241593615,22.180375629697597,24.21447127807303,25.574738556608352,27.490938337490654,28.296701468262373,29.600071514933838,30.23569468415999,32.654130191438945,45.63517145851514
2014-08-29,0.025328445878378198,0.027974391605883504,0.04339721856732192,0.041131299949246684,0.04091585605720351,0.04706285854356131,0.04967202849605353,0.05731568609753279,0.03722010792101421,0.04246726049161553,12.372056241593615,22.180375629697597,24.21447127807303,25.574738556608352,27.490938337490654,28.296701468262373,29.600071514933838,30.23569468415999,32.654130191438945,45.63517145851514
2014-09-30,-0.03986622794841043,-0.028512646983646826,-0.03712475235775671,-0.024630692693706904,-0.03998589981236601,-0.045946277738858815,-0.04147841197263915,-0.056015750268468854,-0.05845345993337257,-0.09561674138073764,12.372056241593615,22.180375629697597,24.21447127807303,25.574738556608352,27.490938337490654,28.296701468262373,29.600071514933838,30.23569468415999,32.654130191438945,45.63517145851514
2014-10-31,0.014446689313362264,0.040964848224871925,0.0586457585811318,0.041084197236482226,0.037758258816594,0.031826250024723106,0.03834932759303421,0.012610225175204954,0.01736438154286259,-0.002737756350972139,12.890017593538671,23.40363036280155,25.414088106003717,26.70641418900148,28.169599169338483,29.499207130345308,30.91475600209627,31.85344946658259,33.7804350194064,48.87842994718296
2014-11-28,0.005412869313094518,0.020352161353953725,-0.003653657927344918,0.0031223298894553133,0.006138691992794561,0.0029643695967478023,-0.001145201746680868,-0.0021271713750736256,-0.0019114054352964056,-0.021234986802869258,12.890017593538671,23.40363036280155,25.414088106003717,26.70641418900148,28.169599169338483,29.499207130345308,30.91475600209627,31.85344946658259,33.7804350194064,48.87842994718296
2014-12-31,0.00578217126993399,0.031082890207027942,0.017156748022643296,0.02448396704767711,0.025171162238125534,0.0069511646462550305,0.01999557665938427,0.0209691164056799,0.012869867905962036,0.03049733979979877,12.890017593538671,23.40363036280155,25.414088106003717,26.70641418900148,28.169599169338483,29.499207130345308,30.91475600209627,31.85344946658259,33.7804350194064,48.87842994718296
2015-01-30,-0.025726258759000226,-0.01419063582920198,-0.026421720465878026,-0.027211684937668144,-0.044230906671067056,-0.041365234408708276,-0.03839382532798689,-0.03136547651147886,-0.01925374763089559,-0.06167938832930732,12.890017593538671,23.40363036280155,25.414088106003717,26.70641418900148,28.169599169338483,29.499207130345308,30.91475600209627,31.85344946658259,33.7804350194064,48.87842994718296
2015-02-27,0.05594675412319672,0.04146908301523034,0.06151705546827955,0.0562260684785421,0.06963710680685693,0.07717400267983571,0.07344362578229872,0.06157995471670786,0.0790099101194874,0.08748614986626697,12.890017593538671,23.40363036280155,25.414088106003717,26.70641418900148,28.169599169338483,29.499207130345308,30.91475600209627,31.85344946658259,33.7804350194064,48.87842994718296
2015-03-31,-0.017628420905869767,-4.561904333407941e-05,0.006296210304487023,0.007783741361140593,0.011133687118053846,0.006922156287347853,0.008800465502177498,0.008814519725595073,0.00045669638739827224,-0.02537055449705278,12.890017593538671,23.40363036280155,25.414088106003717,26.70641418900148,28.169599169338483,29.499207130345308,30.91475600209627,31.85344946658259,33.7804350194064,48.87842994718296
2015-04-30,-0.0031387880555568764,-0.0028938418702634584,-0.006608230981957884,-0.007075107588947797,0.0038016375589323774,-0.0015423217369354488,-0.007693743900442011,-0.002024141466785555,0.02266989121973964,0.005008497421391749,12.890017593538671,23.40363036280155,25.414088106003717,26.70641418900148,28.169599169338483,29.499207130345308,30.91475600209627,31.85344946658259,33.7804350194064,48.87842994718296
2015-05-29,-0.0032015718939267914,0.0070540626312890365,0.006865244580363982,0.0037821630152749587,0.012079052653915507,0.020910052447946595,0.020813842395170038,0.024234908251938494,0.019316393183338103,-0.008324829752637958,12.890017593538671,23.40363036280155,25.414088106003717,26.70641418900148,28.169599169338483,29.499207130345308,30.91475600209627,31.85344946658259,33.7804350194064,48.87842994718296
2015-06-30,0.00025743257309430024,-0.0026050334315407186,0.006234252102963103,0.003776320048336965,-0.0014239742571680383,0.011418030531742694,0.005349537343885267,-0.0015574657940767254,-0.005903812893027152,-0.03676878186163432,12.890017593538671,23.40363036280155,25.414088106003717,26.70641418900148,28.169599169338483,29.499207130345308,30.91475600209627,31.85344946658259,33.7804350194064,48.87842994718296
2015-07-31,-0.05609233435001994,-0.017397990952405438,-0.01238419697498888,-0.01999867502735107,-0.016037054198120612,-0.014779163391507958,-0.018481553037266864,-0.030024336626283548,-0.03452663607097074,-0.0848465693904493,12.890017593538671,23.40363036280155,25.414088106003717,26.70641418900148,28.169599169338483,29.499207130345308,30.91475600209627,31.85344946658259,33.7804350194064,48.87842994718296
2015-08-31,0.023416982880113377,-0.025234749526945384,-0.03521604339281718,-0.038985695128666946,-0.050932318230675316,-0.05603228756350411,-0.04808461457635834,-0.06486347360999098,-0.06381012131159923,-0.05678580956319199,12.890017593538671,23.40363036280155,25.414088106003717,26.70641418900148,28.169599169338483,29.499207130345308,30.91475600209627,31.85344946658259,33.7804350194064,48.87842994718296
2015-09-30,-0.03748425539496985,-0.020981691518001073,-0.04701102229406943,-0.046238784877937235,-0.047521791493636556,-0.053915922063608575,-0.06431131307069672,-0.0670625957654472,-0.07661486725283147,-0.10966033097115564,12.890017593538671,23.40363036280155,25.414088106003717,26.70641418900148,28.169599169338483,29.499207130345308,30.91475600209627,31.85344946658259,33.7804350194064,48.87842994718296
2015-10-30,0.041199169019440554,0.04011693827643819,0.052622886251581694,0.06409835880039422,0.05442076042787957,0.058858177260074813,0.06283353467296462,0.05167652785050872,0.061632296827739345,0.0445339623994783,12.890017593538671,23.40363036280155,25.414088106003717,26.70641418900148,28.169599169338483,29.499207130345308,30.91475600209627,31.85344946658259,33.7804350194064,48.87842994718296
2015-11-30,0.0039134863824680614,0.0169308080470814,0.004437348539170372,0.02204928744148229,0.03904699210634968,0.019190120173475912,0.037148030495741474,0.03400132607699354,0.014895226702638846,-0.0058955197739493795,12.890017593538671,23.40363036280155,25.414088106003717,26.70641418900148,28.169599169338483,29.499207130345308,30.91475600209627,31.85344946658259,33.7804350194064,48.87842994718296
2015-12-31,-0.013377930367884502,-0.02766684885196284,-0.03491749311344372,-0.02887272371748274,-0.04221747565540576,-0.048941502763328676,-0.05190786889975087,-0.05933930621966134,-0.05614354915917961,-0.0894138251821198,12.890017593538671,23.40363036280155,25.414088106003717,26.70641418900148,28.169599169338483,29.499207130345308,30.91475600209627,31.85344946658259,33.7804350194064,48.87842994718296
2016-01-29,-0.053437821988336506,-0.0505952260644167,-0.06373618741114721,-0.08193180540638666,-0.08445974898502205,-0.08183948810631927,-0.10739113571033818,-0.11891933911983782,-0.11356240729609697,-0.147979839201243,12.890017593538671,23.40363036280155,25.414088106003717,26.70641418900148,28.169599169338483,29.499207130345308,30.91475600209627,31.85344946658259,33.7804350194064,48.87842994718296
2016-02-29,0.006095829241028422,0.013966119543824368,0.004954927111839926,0.01127837147354522,-0.002438581302039497,0.009203445550779394,-0.0061910413325784236,0.008372761426081917,0.010448344564280542,-0.015191524817713194,12.890017593538671,23.40363036280155,25.414088106003717,26.70641418900148,28.169599169338483,29.499207130345308,30.91475600209627,31.85344946658259,33.7804350194064,48.87842994718296
2016-03-31,0.011107358829253237,0.04189154805441579,0.05349850912364701,0.059330485073412535,0.06940799324817087,0.0908600237743584,0.10707389641067527,0.12270135102980179,0.1153069588783903,0.13067794811152117,12.890017593538671,23.40363036280155,25.414088106003717,26.70641418900148,28.169599169338483,29.499207130345308,30.91475600209627,31.85344946658259,33.7804350194064,48.87842994718296
2016-04-29,0.03713864771888891,0.023312100586215148,0.0212755185158174,0.031186685606878782,0.03022085497811867,0.038459908612064865,0.03902945390600028,0.05621601749077382,0.04418633137250197,0.042986663338379826,12.890017593538671,23.40363036280155,25.414088106003717,26.70641418900148,28.169599169338483,29.499207130345308,30.91475600209627,31.85344946658259,33.7804350194064,48.87842994718296
2016-05-31,-0.01018402521232061,0.007900537245533306,0.02449526964257438,0.007560818283987203,0.011229398555369715,0.005325195763693178,0.00969885916168106,0.009446627557172908,0.006550371860947435,-0.03361962913942531,12.890017593538671,23.40363036280155,25.414088106003717,26.70641418900148,28.169599169338483,29.499207130345308,30.91475600209627,31.85344946658259,33.7804350194064,48.87842994718296
2016-06-30,0.012637014836891237,0.03635769692684996,0.01818257949618252,-0.012394571136049649,-0.01583900372216059,-0.01649285106074738,-0.014850902237696258,-0.02562553609808259,-0.01688986462490812,-0.012828340264576585,12.890017593538671,23.40363036280155,25.414088106003717,26.70641418900148,28.169599169338483,29.499207130345308,30.91475600209627,31.85344946658259,33.7804350194064,48.87842994718296
2016-07-29,0.05609278470288989,0.049761453855188105,0.058258268020918796,0.05500276295305382,0.061373062608840546,0.07725127040684013,0.07785024476886476,0.05355831155406334,0.04347577925952343,0.052151368881985245,12.890017593538671,23.40363036280155,25.414088106003717,26.70641418900148,28.169599169338483,29.499207130345308,30.91475600209627,31.85344946658259,33.7804350194064,48.87842994718296
2016-08-31,0.015524898756175617,0.006971749996894416,0.012371587637847948,0.04129620920304938,0.029940648018642976,0.036758260790448846,0.025277860045412066,0.01025887006763685,0.015488385627127281,0.02743796848768272,12.890017593538671,23.40363036280155,25.414088106003717,26.70641418900148,28.169599169338483,29.499207130345308,30.91475600209627,31.85344946658259,33.7804350194064,48.87842994718296
2016-09-30,0.01006977314548494,0.013790712999506651,0.010585088536469235,0.019713975902123017,0.011848444026518287,0.02346340090978782,0.02386264434793514,0.03156253189994861,0.011241211907179386,0.013125460065638707,12.890017593538671,23.40363036280155,25.414088106003717,26.70641418900148,28.169599169338483,29.499207130345308,30.91475600209627,31.85344946658259,33.7804350194064,48.87842994718296
2016-10-31,-0.03777176275811349,-0.030568200297619846,-0.04605455969617238,-0.03925905646269407,-0.03455320009863368,-0.03970445003942587,-0.050905084701527235,-0.07983319878015512,-0.07646707585392175,-0.1030335902864681,12.890017593538671,23.40363036280155,25.414088106003717,26.70641418900148,28.169599169338483,29.499207130345308,30.91475600209627,31.85344946658259,33.7804350194064,48.87842994718296
2016-11-30,0.02276457792194755,0.0598623340773964,0.07285455208138696,0.08920393375253985,0.11653612865182975,0.10068389687664203,0.12237427750106403,0.12977075388461354,0.09816158974288608,0.09788458663847079,12.890017593538671,23.40363036280155,25.414088106003717,26.70641418900148,28.169599169338483,29.499207130345308,30.91475600209627,31.85344946658259,33.7804350194064,48.87842994718296
2016-12-30,0.025462612314682904,0.029582155203044434,0.024511112427987557,0.022575446330114157,0.028721731592790595,0.015426564455890005,0.010889807513808528,0.008048629485191198,0.013230990642087834,0.02369605919246118,12.890017593538671,23.40363036280155,25.414088106003717,26.70641418900148,28.169599169338483,29.499207130345308,30.91475600209627,31.85344946658259,33.7804350194064,48.87842994718296
2017-01-31,0.015707355703103956,0.018140214734285887,0.013391212696165519,0.016330134848030087,-0.003512727360881242,0.024921037647728465,0.02559466368214743,0.015343050211442697,0.027268251458284477,0.027404862346505014,12.890017593538671,23.40363036280155,25.414088106003717,26.70641418900148,28.169599169338483,29.499207130345308,30.91475600209627,31.85344946658259,33.7804350194064,48.87842994718296
2017-02-28,-0.01791111960568849,0.0007495608106260509,0.012660548991630462,0.02405622257857918,0.025139969134116986,0.024494536300939583,0.03853477594845469,0.028356752940855184,0.01922031571588444,0.00562357100382697,12.890017593538671,23.40363036280155,25.414088106003717,26.70641418900148,28.169599169338483,29.499207130345308,30.91475600209627,31.85344946658259,33.7804350194064,48.87842994718296
2017-03-31,0.027284013405305278,0.005219265795586447,0.017910275183168418,0.0023879659635289686,0.006359607832422634,0.009721431836500082,0.0049408953019971285,0.011970316228132117,-0.01580248618975371,-0.015766792532028347,12.890017593538671,23.40363036280155,25.414088106003717,26.70641418900148,28.169599169338483,29.499207130345308,30.91475600209627,31.85344946658259,33.7804350194064,48.87842994718296
2017-04-28,0.007384659293960747,0.010454374061618133,0.0028043466047744142,0.013972627859113294,0.01204838100336258,0.008406405547516857,0.0067077322009329995,-0.009043197381701744,-0.0047155441890709875,-0.0406435621343073,12.890017593538671,23.40363036280155,25.414088106003717,26.70641418900148,28.169599169338483,29.499207130345308,30.91475600209627,31.85344946658259,33.7804350194064,48.87842994718296
2017-05-31,-0.027357798580989096,-0.010422160628830822,-0.012226075243890648,-0.01640157322432266,-0.020678414013652998,-0.014294537603870018,-0.00867400754262538,-0.03355778453578418,-0.03748820672852008,-0.07454045784286654,12.890017593538671,23.40363036280155,25.414088106003717,26.70641418900148,28.169599169338483,29.499207130345308,30.91475600209627,31.85344946658259,33.7804350194064,48.87842994718296
2017-06-30,0.041648986712176386,0.029120890344386963,0.028153250253596745,0.04468996611708976,0.042090128284177276,0.022915501346936006,0.031917628673060486,0.0452518030506803,0.02530008876891657,0.06269170543756376,12.890017593538671,23.40363036280155,25.414088106003717,26.70641418900148,28.169599169338483,29.499207130345308,30.91475600209627,31.85344946658259,33.7804350194064,48.87842994718296
2017-07-31,-0.016944136844503795,0.006733395152652643,0.0011633421308314012,0.007951071243961277,0.006834701566952336,0.0017607341722556782,0.008608338176259804,-0.008109960955966687,0.00018246490385277634,-0.011168896350268787,12.890017593538671,23.40363036280155,25.414088106003717,26.70641418900148,28.169599169338483,29.499207130345308,30.91475600209627,31.85344946658259,33.7804350194064,48.87842994718296
2017-08-31,-0.015546333920817133,-0.01082103711476426,-0.01705329435830869,-0.011445050841674045,-0.01284268528498784,-0.014115193083416673,-0.005508778838430104,-0.00956510779925386,-0.03087643348751513,-0.07305908250738867,12.890017593538671,23.40363036280155,25.414088106003717,26.70641418900148,28.169599169338483,29.499207130345308,30.91475600209627,31.85344946658259,33.7804350194064,48.87842994718296
2017-09-29,0.05406205695064517,0.06266571102880074,0.06288258006218525,0.07050594287606686,0.0678714207397566,0.06891214213882839,0.07994407974274001,0.08146574040690419,0.08897735597153744,0.049130482031668365,12.890017593538671,23.40363036280155,25.414088106003717,26.70641418900148,28.169599169338483,29.499207130345308,30.91475600209627,31.85344946658259,33.7804350194064,48.87842994718296
2017-10-31,0.005513922279466783,0.00024425323403972965,0.008372755152340896,0.006678328746036985,-0.0002212120212008118,0.008302624359769823,0.0154228459478549,0.006622709855633243,-0.011085687397381064,-0.054167542503994213,12.890017593538671,23.40363036280155,25.414088106003717,26.70641418900148,28.169599169338483,29.499207130345308,30.91475600209627,31.85344946658259,33.7804350194064,48.87842994718296
2017-11-30,0.009280297776562857,0.03795645500150775,0.048228015492312246,0.04680973266485789,0.03362300322122417,0.03675844352474712,0.027791651648649274,0.049694894299060606,0.03768879771471186,0.018802569215330737,12.890017593538671,23.40363036280155,25.414088106003717,26.70641418900148,28.169599169338483,29.499207130345308,30.91475600209627,31.85344946658259,33.7804350194064,48.87842994718296
2017-12-29,0.029020293288401465,0.0023037062267063017,2.465281629466249e-05,0.010425803391247112,0.0025231598285789785,0.014878622988357359,0.005647921423730899,0.0149688624741092,0.0028041464893716343,0.014257796369699802,12.890017593538671,23.40363036280155,25.414088106003717,26.70641418900148,28.169599169338483,29.499207130345308,30.91475600209627,31.85344946658259,33.7804350194064,48.87842994718296
2018-01-31,-0.010638206184669515,0.00428720712379878,0.02937468977673975,0.051941300783972674,0.031045501058862352,0.03600839173048297,0.04083340182253996,0.05078798818334906,0.06361438062027923,0.02110236897979948,12.890017593538671,23.40363036280155,25.414088106003717,26.70641418900148,28.169599169338483,29.499207130345308,30.91475600209627,31.85344946658259,33.7804350194064,48.87842994718296
2018-02-28,0.016746318694351746,-0.02008486308529706,-0.021741126214808143,-0.036886158951429736,-0.036198961186440726,-0.047764812969613414,-0.053589565236601834,-0.06258625430808473,-0.085786029809589,-0.08793880743661674,12.890017593538671,23.40363036280155,25.414088106003717,26.70641418900148,28.169599169338483,29.499207130345308,30.91475600209627,31.85344946658259,33.7804350194064,48.87842994718296
2018-03-29,0.042997220589313656,0.01950964476553961,0.020142064433436534,0.012508611415986408,0.011745657563110927,0.014220441922936066,-0.0015720896346901718,-0.001709970170837459,-0.008014703179594213,-0.035232239480245994,12.890017593538671,23.40363036280155,25.414088106003717,26.70641418900148,28.169599169338483,29.499207130345308,30.91475600209627,31.85344946658259,33.7804350194064,48.87842994718296
2018-04-30,0.03473551652945496,0.015950669178735177,0.005811143313811129,0.013782820907982348,0.005592268032203865,0.00494786518807772,-0.00013897734970669642,0.004860120919046394,-0.004847794507867452,-0.04094440049413646,12.890017593538671,23.40363036280155,25.414088106003717,26.70641418900148,28.169599169338483,29.499207130345308,30.91475600209627,31.85344946658259,33.7804350194064,48.87842994718296
2018-05-31,0.05107584296404508,0.05218797502121928,0.04980479141783421,0.060237783394689395,0.05293469233853906,0.049179093607370675,0.038395971559277146,0.04336268120442055,0.06249371374208306,0.033362643196923995,12.890017593538671,23.40363036280155,25.414088106003717,26.70641418900148,28.169599169338483,29.499207130345308,30.91475600209627,31.85344946658259,33.7804350194064,48.87842994718296
2018-06-29,0.020391798082459327,0.016979580221857467,0.00733335677573371,0.019159384465321793,0.004764218693078343,0.015789862745043858,-0.0033468773227443914,-0.02407443472347631,0.004138819329192706,0.04193296827480752,12.890017593538671,23.40363036280155,25.414088106003717,26.70641418900148,28.169599169338483,29.499207130345308,30.91475600209627,31.85344946658259,33.7804350194064,48.87842994718296
2018-07-31,0.00224406797240269,0.005035437556550062,0.012899819109183511,0.013907244827405471,0.0033649268094780986,0.0128938499638448,0.010423048561774935,0.010881602666431267,0.011200617563162901,-0.02678199234861343,12.890017593538671,23.40363036280155,25.414088106003717,26.70641418900148,28.169599169338483,29.499207130345308,30.91475600209627,31.85344946658259,33.7804350194064,48.87842994718296
2018-08-31,0.028664935835076732,0.025963925492028833,0.03318785955200632,0.035765756398483076,0.04108847460135751,0.03077031914978821,0.03656222904714599,0.03840221402587052,0.032526600518749366,-0.02469801123702345,12.890017593538671,23.40363036280155,25.414088106003717,26.70641418900148,28.169599169338483,29.499207130345308,30.91475600209627,31.85344946658259,33.7804350194064,48.87842994718296
2018-09-28,-0.028104412718064607,-0.00464211166240864,-0.022398154116050083,-0.015783157177833084,-0.02397372388214405,-0.022671699533993676,-0.021950320458109025,-0.027292721472898886,-0.004917924354935815,0.0053288570042457645,12.890017593538671,23.40363036280155,25.414088106003717,26.70641418900148,28.169599169338483,29.499207130345308,30.91475600209627,31.85344946658259,33.7804350194064,48.87842994718296
2018-10-31,-0.0013175489587752534,-0.03154611717948045,-0.059028574460240055,-0.08429667196808262,-0.0944416072126478,-0.10381636506763454,-0.14041429511564957,-0.1605726813448342,-0.19041438142266998,-0.2103388648829423,12.890017593538671,23.40363036280155,25.414088106003717,26.70641418900148,28.169599169338483,29.499207130345308,30.91475600209627,31.85344946658259,33.7804350194064,48.87842994718296
2018-11-30,-0.007962086702891495,0.018784476276861785,0.006117152695314606,-0.007178000227806532,0.015545518347768978,0.005700969737094862,0.006991727076161301,0.00805065628411549,-0.03144750863288504,-0.08267842774562861,12.890017593538671,23.40363036280155,25.414088106003717,26.70641418900148,28.169599169338483,29.499207130345308,30.91475600209627,31.85344946658259,33.7804350194064,48.87842994718296
2018-12-31,0.006938032441691967,-0.05085437558591366,-0.08161272866861911,-0.1104045981943148,-0.1288971166227233,-0.14540179113473006,-0.15639585215480928,-0.2035060274869545,-0.2353634558597735,-0.328054651674624,12.890017593538671,23.40363036280155,25.414088106003717,26.70641418900148,28.169599169338483,29.499207130345308,30.91475600209627,31.85344946658259,33.7804350194064,48.87842994718296
2019-01-31,0.0413342511955794,0.05519288501283422,0.07490851061887698,0.07925201045310967,0.11824977163153362,0.13212852536762934,0.16700349913699547,0.20343552139565607,0.2571649031932128,0.5639968428341672,12.890017593538671,23.40363036280155,25.414088106003717,26.70641418900148,28.169599169338483,29.499207130345308,30.91475600209627,31.85344946658259,33.7804350194064,48.87842994718296
2019-02-28,0.02961641751996901,0.036418606163875926,0.0436540908874063,0.04749405872689126,0.06026290658463147,0.05889047105875063,0.04620905000819822,0.05596356041997674,0.05480726717450012,0.1415129870732258,5.093589994500593,11.214713705831594,13.611700715112855,15.83840207286208,17.87687285904737,19.856324173847735,22.319630692067513,25.865956839439704,31.982127075463847,49.25844882572185
2019-03-29,-0.00730650646231325,-0.013631272407027406,-0.013790544732693474,-0.01320594246850081,-0.02073745065270529,-0.025860916247914346,-0.0270883810764814,-0.03734981438837542,-0.03516232058212732,0.04339765795422924,5.093589994500593,11.214713705831594,13.611700715112855,15.83840207286208,17.87687285904737,19.856324173847735,22.319630692067513,25.865956839439704,31.982127075463847,49.25844882572185
2019-04-30,-0.0007926548313142044,0.007475564027460919,0.034542332875528645,0.014914158857389158,0.03266456443690614,0.04656186583570718,0.0425042785716297,0.027990749909764162,0.017969002865787828,0.03568945409509764,5.093589994500593,11.214713705831594,13.611700715112855,15.83840207286208,17.87687285904737,19.856324173847735,22.319630692067513,25.865956839439704,31.982127075463847,49.25844882572185
2019-05-31,0.044258710468790936,-0.02528315453081334,-0.046021604994102024,-0.06373454432175815,-0.07545929547531466,-0.10220528383184788,-0.1167907329810345,-0.15362778176003064,-0.19598068039584365,-0.2630662118266944,4.821926731010748,10.980743160255843,13.423360223544567,15.558529461438845,17.702974852598732,20.01774089412294,22.50896075355704,26.010997171839772,32.068805023225515,49.83542276914721
2019-06-28,0.02933094038659838,0.045718253938676276,0.04909335334180633,0.0641929798821155,0.05346792725905218,0.06341508039999205,0.0713792640804861,0.05165634538154343,0.09396846773946722,0.05282553832253648,4.821926731010748,10.980743160255843,13.423360223544567,15.558529461438845,17.702974852598732,20.01774089412294,22.50896075355704,26.010997171839772,32.068805023225515,49.83542276914721
2019-07-31,0.0181090529171631,-0.00041675656894124026,0.0020134439202447304,-0.0029477897175707035,0.004265603698629243,-0.0012692342590362763,0.002432378389371924,-0.01771626702275239,-0.049309996597680025,-0.05761435254885072,4.821926731010748,10.980743160255843,13.423360223544567,15.558529461438845,17.702974852598732,20.01774089412294,22.50896075355704,26.010997171839772,32.068805023225515,49.83542276914721
2019-08-30,-0.007498253297267687,-0.03589278245377193,-0.03443314671936345,-0.04134695765609764,-0.04951790585642499,-0.06273664422911873,-0.06298632299079882,-0.08685471139170024,-0.06313847404991804,-0.07040156335099025,4.821926731010748,10.980743160255843,13.423360223544567,15.558529461438845,17.702974852598732,20.01774089412294,22.50896075355704,26.010997171839772,32.068805023225515,49.83542276914721
2019-09-30,0.0014801989901914378,0.02761136795407215,0.029453406291501248,0.025484924299377657,0.027727550798584164,0.043261380039702944,0.03889864074517391,0.04649997974604982,0.0970375883348478,0.032969290896415204,4.821926731010748,10.980743160255843,13.423360223544567,15.558529461438845,17.702974852598732,20.01774089412294,22.50896075355704,26.010997171839772,32.068805023225515,49.83542276914721
2019-10-31,0.008341136322898277,0.002009418846039519,0.012486555878429105,0.020056839720104726,0.002821405751835713,0.021664984210777526,0.021378146575270443,-0.01707121034141964,-0.029726044960959246,-0.0844179451219395,4.821926731010748,10.980743160255843,13.423360223544567,15.558529461438845,17.702974852598732,20.01774089412294,22.50896075355704,26.010997171839772,32.068805023225515,49.83542276914721
2019-11-29,0.009366242111206123,0.03381983432787234,0.03559995087030497,0.038280984859213364,0.033315471866376095,0.033349629886413,0.0640505709762649,0.05126138991080762,0.025934562777235572,-0.005311335796639989,4.821926731010748,10.980743160255843,13.423360223544567,15.558529461438845,17.702974852598732,20.01774089412294,22.50896075355704,26.010997171839772,32.068805023225515,49.83542276914721
2019-12-31,0.032302554752547445,0.022959466589812263,0.04397921329403104,0.027288405205576,0.045328327728514396,0.03556865059935177,0.038268577474961755,0.0853744376897785,0.06637791882047407,0.07703159951294462,4.821926731010748,10.980743160255843,13.423360223544567,15.558529461438845,17.702974852598732,20.01774089412294,22.50896075355704,26.010997171839772,32.068805023225515,49.83542276914721
2020-01-31,0.018849033082690123,-0.005000799036812546,-0.022065898056567557,-0.017965685917818098,-0.013532503038895,-0.040359432848508674,-0.023555548039199254,-0.017646809151379686,-0.042779503489777174,-0.045675844859538815,4.821926731010748,10.980743160255843,13.423360223544567,15.558529461438845,17.702974852598732,20.01774089412294,22.50896075355704,26.010997171839772,32.068805023225515,49.83542276914721
2020-02-28,0.004980945462373853,-0.056679496140421635,-0.07924071483887926,-0.09059471075863777,-0.08334514605589757,-0.09951830419692957,-0.09496819350117215,-0.09844049373881832,-0.10548433328914548,-0.09396259278291837,4.821926731010748,10.980743160255843,13.423360223544567,15.558529461438845,17.702974852598732,20.01774089412294,22.50896075355704,26.010997171839772,32.068805023225515,49.83542276914721
2020-03-31,-0.18318736964242777,-0.182384057786835,-0.20829288922021724,-0.21348415170796214,-0.23161120025484663,-0.24230940315704216,-0.24897268168574405,-0.2723952911832293,-0.2544235069958848,-0.27340716117610914,4.821926731010748,10.980743160255843,13.423360223544567,15.558529461438845,17.702974852598732,20.01774089412294,22.50896075355704,26.010997171839772,32.068805023225515,49.83542276914721
2020-04-30,0.13931066934479575,0.14358452490637533,0.16262738784667677,0.15061519051906,0.17797136090089088,0.21852326049935072,0.2080837490679132,0.23859430606067852,0.296383605520227,0.2900872641744522,4.821926731010748,10.980743160255843,13.423360223544567,15.558529461438845,17.702974852598732,20.01774089412294,22.50896075355704,26.010997171839772,32.068805023225515,49.83542276914721
2020-05-29,0.038408770092390916,0.05025029664667936,0.060424378113194295,0.05058517803520915,0.06777395806173918,0.05549046925290037,0.06515385850498481,0.11308783060583844,0.080215975351305,0.13318357691973864,4.821926731010748,10.980743160255843,13.423360223544567,15.558529461438845,17.702974852598732,20.01774089412294,22.50896075355704,26.010997171839772,32.068805023225515,49.83542276914721
2020-06-30,0.13615391263628965,0.02135568095501796,0.05332469350621258,0.039688587897499336,0.05153609949722034,0.06759516614505365,0.05760653491013103,0.07542076665178819,0.11709979582153707,0.15540420844608657,4.821926731010748,10.980743160255843,13.423360223544567,15.558529461438845,17.702974852598732,20.01774089412294,22.50896075355704,26.010997171839772,32.068805023225515,49.83542276914721
2020-07-31,0.035286949757958284,0.027344410793564932,0.024352597352799984,0.025886830765423863,0.04692162449556308,0.03704764720720607,0.0320498052564806,0.08528704393522825,0.05781657054028994,0.15725453739436582,4.821926731010748,10.980743160255843,13.423360223544567,15.558529461438845,17.702974852598732,20.01774089412294,22.50896075355704,26.010997171839772,32.068805023225515,49.83542276914721
2020-08-31,0.040067533621734444,0.05417052270865407,0.04241798444212798,0.048369683850199054,0.050387611103540196,0.03628417206843401,0.05358873940980703,0.028941767843692408,0.04486788632760791,-0.008555214516281225,4.821926731010748,10.980743160255843,13.423360223544567,15.558529461438845,17.702974852598732,20.01774089412294,22.50896075355704,26.010997171839772,32.068805023225515,49.83542276914721
2020-09-30,-0.01452013027904586,-0.0363068611644872,-0.04818408253976152,-0.022560944578602166,-0.03036306348637225,-0.039808266911596904,-0.033132204827216,-0.03920065835280253,-0.027614504686384926,0.04117299507085521,4.821926731010748,10.980743160255843,13.423360223544567,15.558529461438845,17.702974852598732,20.01774089412294,22.50896075355704,26.010997171839772,32.068805023225515,49.83542276914721
2020-10-30,0.01140742628505675,0.017380287561070122,0.004804841741394379,0.028242572416077555,0.04098237914334938,0.02583027282195713,0.028259212175331446,-0.012240246572471107,0.012461770744104483,-0.010500694576699245,4.821926731010748,10.980743160255843,13.423360223544567,15.558529461438845,17.702974852598732,20.01774089412294,22.50896075355704,26.010997171839772,32.068805023225515,49.83542276914721
2020-11-30,0.12278200612248232,0.15022365518607564,0.17310995958521352,0.173360322716442,0.1969154704899079,0.2038101921173904,0.2203548463422817,0.25750486941699663,0.2514865695777687,0.35739187618064416,4.821926731010748,10.980743160255843,13.423360223544567,15.558529461438845,17.702974852598732,20.01774089412294,22.50896075355704,26.010997171839772,32.068805023225515,49.83542276914721
2020-12-31,0.07605860635949577,0.059339463061803883,0.085141254248947,0.08901876726157366,0.08898848865839153,0.10021198631175748,0.07283546661633825,0.08571283701909987,0.04855999121548537,0.1680497720946449,4.821926731010748,10.980743160255843,13.423360223544567,15.558529461438845,17.702974852598732,20.01774089412294,22.50896075355704,26.010997171839772,32.068805023225515,49.83542276914721
2021-01-29,0.1755428570704053,0.0856462695950346,0.04409613016936835,0.07430607317936488,0.08970662147855288,0.06178636993664635,0.09058547599418515,0.17255910753146192,0.1982492160904414,0.3161671501705302,4.821926731010748,10.980743160255843,13.423360223544567,15.558529461438845,17.702974852598732,20.01774089412294,22.50896075355704,26.010997171839772,32.068805023225515,49.83542276914721
2021-02-26,0.06482200006070647,0.0819928476990624,0.07322001624345627,0.0940863247922375,0.10162863142632443,0.09887510581803434,0.100431139520742,0.12144399032892533,0.08845400046753961,0.18927713795625545,4.821926731010748,10.980743160255843,13.423360223544567,15.558529461438845,17.702974852598732,20.01774089412294,22.50896075355704,26.010997171839772,32.068805023225515,49.83542276914721
2021-03-31,0.019762475407477192,0.05006076837931823,0.03832230635287234,0.028767332731528837,0.0395854355900594,0.058357229343960974,0.03432487823991864,0.02437561075301778,-0.005640013319526197,-0.04612803498552145,4.821926731010748,10.980743160255843,13.423360223544567,15.558529461438845,17.702974852598732,20.01774089412294,22.50896075355704,26.010997171839772,32.068805023225515,49.83542276914721
2021-04-30,-0.007619022207604353,0.015257652046186206,0.026895773039284414,0.029559482855466404,0.06549776720353157,0.0190077950953172,0.021264153992812618,-0.003760789996255164,0.03366746217719852,-0.04652318758860183,4.821926731010748,10.980743160255843,13.423360223544567,15.558529461438845,17.702974852598732,20.01774089412294,22.50896075355704,26.010997171839772,32.068805023225515,49.83542276914721
2021-05-28,0.019291284984996163,0.01545523035050881,0.0237690104785124,0.02158324421067607,0.008229948404944057,0.025148750269348312,0.04317516901809798,0.013017835486063367,0.024115533894823436,0.004045667843176772,4.821926731010748,10.980743160255843,13.423360223544567,15.558529461438845,17.702974852598732,20.01774089412294,22.50896075355704,26.010997171839772,32.068805023225515,49.83542276914721
2021-06-30,0.0724010705091105,0.01975540186532798,0.009102751993729423,0.015252592602580514,0.009181291514944486,0.005138627275651611,0.004480788524327943,0.029664870379025973,0.01369927291391203,0.048147523360780604,4.821926731010748,10.980743160255843,13.423360223544567,15.558529461438845,17.702974852598732,20.01774089412294,22.50896075355704,26.010997171839772,32.068805023225515,49.83542276914721
2021-07-30,-0.012344972005405281,-0.008845325025135077,-0.011584177958426084,-0.020365357960982666,-0.024841960417348145,-0.005827057288675293,-0.0399890413341621,-0.05586925232517229,-0.06775158883717197,-0.08568225470849146,4.821926731010748,10.980743160255843,13.423360223544567,15.558529461438845,17.702974852598732,20.01774089412294,22.50896075355704,26.010997171839772,32.068805023225515,49.83542276914721
2021-08-31,0.026646084949865093,0.009980159337533679,0.02235227080924395,0.020266682712399564,0.02463393020855393,0.018989387555912566,0.019288933656079404,0.029751501250607163,-0.0007509195914251627,0.024445375072387737,4.821926731010748,10.980743160255843,13.423360223544567,15.558529461438845,17.702974852598732,20.01774089412294,22.50896075355704,26.010997171839772,32.068805023225515,49.83542276914721
2021-09-30,-0.04336478367622476,-0.02676232138283193,-0.02091905346142874,-0.004167922453931962,-0.024632669694207205,-0.02654553901417286,-0.0226961892872214,-0.029206570300830584,-0.04240032137994731,-0.04396304853983199,4.821926731010748,10.980743160255843,13.423360223544567,15.558529461438845,17.702974852598732,20.01774089412294,22.50896075355704,26.010997171839772,32.068805023225515,49.83542276914721
2021-10-29,0.026145959076420148,0.028579660240163177,0.03134494182551249,0.03510844466944962,0.04634980583316113,0.031511857420810155,0.04012143307836626,0.03164404860187289,-0.00025029733679777995,-0.005848370308008089,4.821926731010748,10.980743160255843,13.423360223544567,15.558529461438845,17.702974852598732,20.01774089412294,22.50896075355704,26.010997171839772,32.068805023225515,49.83542276914721
2021-11-30,-0.04159105847587614,-0.024051489168584038,-0.042835205799163584,-0.047750346706784005,-0.0326356488565745,-0.046904530323639476,-0.04081177764050694,-0.04666056686740679,-0.040066432889353555,-0.0957644492865528,4.821926731010748,10.980743160255843,13.423360223544567,15.558529461438845,17.702974852598732,20.01774089412294,22.50896075355704,26.010997171839772,32.068805023225515,49.83542276914721
2021-12-31,0.009036407434868478,0.024732660971263448,0.029571681134387583,0.04573319914959167,0.032520346860247656,0.02235144096477214,0.028673546049581385,0.0027788579500498812,-0.012537471748267614,-0.0697927133047155,4.821926731010748,10.980743160255843,13.423360223544567,15.558529461438845,17.702974852598732,20.01774089412294,22.50896075355704,26.010997171839772,32.068805023225515,49.83542276914721
2022-01-31,-0.06255839491344639,-0.04935605320639985,-0.058450445167859556,-0.06255477388156215,-0.055099577805923686,-0.05629035007560521,-0.053813413948491345,-0.07485051400322702,-0.09474265456587697,-0.10295530109617271,4.821926731010748,10.980743160255843,13.423360223544567,15.558529461438845,17.702974852598732,20.01774089412294,22.50896075355704,26.010997171839772,32.068805023225515,49.83542276914721
2022-02-28,0.012102164565680586,-0.001800484801419482,0.0005235319584989791,0.008546354155714652,0.010484105482624677,0.003648095904263935,0.017835344289180707,0.007360534021216964,-0.009383169477029397,0.032871713874077335,4.821926731010748,10.980743160255843,13.423360223544567,15.558529461438845,17.702974852598732,20.01774089412294,22.50896075355704,26.010997171839772,32.068805023225515,49.83542276914721
2022-03-31,0.029713756321271434,0.032566664107559935,0.003572302373820431,0.037015831506596444,0.013480625178259478,0.0113835738454662,-0.006883568146892276,0.011766807713235416,0.04197778616193526,0.012166127623794112,4.821926731010748,10.980743160255843,13.423360223544567,15.558529461438845,17.702974852598732,20.01774089412294,22.50896075355704,26.010997171839772,32.068805023225515,49.83542276914721
2022-04-29,-0.07354933425718967,-0.0669748872963398,-0.07757113100823385,-0.09064037209427625,-0.08565394239190265,-0.08416007425866585,-0.09202589759651314,-0.13482743185737894,-0.1366268559123037,-0.19481050776938597,4.821926731010748,10.980743160255843,13.423360223544567,15.558529461438845,17.702974852598732,20.01774089412294,22.50896075355704,26.010997171839772,32.068805023225515,49.83542276914721
2022-05-31,-0.010272114360608,-0.005735287711038685,0.00551799305644741,-0.006137455394264179,-0.007105975402705697,0.008836986393928345,0.005392264426473934,-0.013798884428913813,-0.01610396295345584,-0.027569340287397305,4.821926731010748,10.980743160255843,13.423360223544567,15.558529461438845,17.702974852598732,20.01774089412294,22.50896075355704,26.010997171839772,32.068805023225515,49.83542276914721
2022-06-30,-0.027670162035505624,-0.0647519642149724,-0.050658229822207836,-0.07050538331777745,-0.08076964865194453,-0.08845843540495292,-0.08940186075163646,-0.09434184775254571,-0.09539368280513699,-0.05050527973327081,4.821926731010748,10.980743160255843,13.423360223544567,15.558529461438845,17.702974852598732,20.01774089412294,22.50896075355704,26.010997171839772,32.068805023225515,49.83542276914721
2022-07-29,0.06146938451282463,0.058821094921661606,0.06843138343877703,0.07685692863714957,0.08576046100978811,0.10330050809240977,0.1018237586370949,0.093309557616753,0.10314584083269061,0.11625736074509202,4.821926731010748,10.980743160255843,13.423360223544567,15.558529461438845,17.702974852598732,20.01774089412294,22.50896075355704,26.010997171839772,32.068805023225515,49.83542276914721
2022-08-31,-0.005875132525818039,-0.010027341820711709,-0.0093334399522508,-0.0057852409715186594,-0.008036478014924289,-0.0261811405561637,-0.009549089782480482,0.008024845481453336,-0.004625380946740797,0.06593692860769806,4.821926731010748,10.980743160255843,13.423360223544567,15.558529461438845,17.702974852598732,20.01774089412294,22.50896075355704,26.010997171839772,32.068805023225515,49.83542276914721
2022-09-30,-0.08907856748351274,-0.09616592745530293,-0.09996331398107225,-0.08980363162700086,-0.10808641688118019,-0.11299149305877987,-0.11450731195238215,-0.1290991877136515,-0.16768763535428088,-0.18947441118588257,4.821926731010748,10.980743160255843,13.423360223544567,15.558529461438845,17.702974852598732,20.01774089412294,22.50896075355704,26.010997171839772,32.068805023225515,49.83542276914721
2022-10-31,0.0716586949580626,0.08503699898149837,0.09930137938886913,0.100178411878932,0.09362409245280194,0.09452439219469709,0.10835066787593106,0.08657778979038759,0.08969341595722297,0.043326816663870386,4.821926731010748,10.980743160255843,13.423360223544567,15.558529461438845,17.702974852598732,20.01774089412294,22.50896075355704,26.010997171839772,32.068805023225515,49.83542276914721
2022-11-30,0.007613504083327944,0.022325675999165167,0.03188948021300069,0.03727760789901089,0.04223143505313742,0.04640643779191922,0.04644319956820111,0.037780818326372374,0.013037084744998147,-0.04406444136132027,4.821926731010748,10.980743160255843,13.423360223544567,15.558529461438845,17.702974852598732,20.01774089412294,22.50896075355704,26.010997171839772,32.068805023225515,49.83542276914721
2022-12-30,-0.041490568315019946,-0.04114033680871598,-0.04730797146173438,-0.04622086799925175,-0.057607430921515365,-0.05455178484112981,-0.07154651845252244,-0.06728004771556934,-0.0589103360621555,-0.10676920820054982,4.821926731010748,10.980743160255843,13.423360223544567,15.558529461438845,17.702974852598732,20.01774089412294,22.50896075355704,26.010997171839772,32.068805023225515,49.83542276914721
2023-01-31,0.09883062234833369,0.1049138568708074,0.11046790938651993,0.09675950009148969,0.10295855866083072,0.1249093070559172,0.13189905386610443,0.15801878615748138,0.16543849363558358,0.2217145941720636,4.821926731010748,10.980743160255843,13.423360223544567,15.558529461438845,17.702974852598732,20.01774089412294,22.50896075355704,26.010997171839772,32.068805023225515,49.83542276914721
2023-02-28,-0.027021368543501012,-0.02046873575113909,-0.029346938319026437,-0.03239135255012262,-0.015029000367498378,-0.014810489415969921,-0.02935496046546508,-0.033126435350886614,-0.05961114611237316,-0.08164435685977145,4.821926731010748,10.980743160255843,13.423360223544567,15.558529461438845,17.702974852598732,20.01774089412294,22.50896075355704,26.010997171839772,32.068805023225515,49.83542276914721
2023-03-31,-0.03370114185654834,-0.01570437431153448,-0.05307608842003807,-0.03734048189235768,-0.05765879883714977,-0.047427612475731705,-0.06214911031113429,-0.08143524172672525,-0.0691195088508375,-0.08184141806806579,4.821926731010748,10.980743160255843,13.423360223544567,15.558529461438845,17.702974852598732,20.01774089412294,22.50896075355704,26.010997171839772,32.068805023225515,49.83542276914721
2023-04-28,-0.0026229551971357506,-0.011568035687450382,-0.023953331466213826,-0.0028166999826357976,-0.033067325469817416,-0.025090978343600773,-0.017761523870920597,-0.03603106779494528,-0.04557241188844533,-0.04890261869877577,4.821926731010748,10.980743160255843,13.423360223544567,15.558529461438845,17.702974852598732,20.01774089412294,22.50896075355704,26.010997171839772,32.068805023225515,49.83542276914721
2023-05-31,-0.0140713373293284,-0.030751095132131118,-0.017126802822997007,-0.01722664923567787,-0.020441022910599183,-0.024909035372169056,-0.011615293131061745,-0.023198086635918498,0.02130195640526928,-0.02689685145150432,4.821926731010748,10.980743160255843,13.423360223544567,15.558529461438845,17.702974852598732,20.01774089412294,22.50896075355704,26.010997171839772,32.068805023225515,49.83542276914721
2023-06-30,0.04024888818363824,0.0481581514231234,0.04610530398940207,0.05254206011607954,0.08511530757876602,0.07352156855250093,0.09858528785403295,0.083094221195054,0.10463666648981904,0.044471985926585536,4.821926731010748,10.980743160255843,13.423360223544567,15.558529461438845,17.702974852598732,20.01774089412294,22.50896075355704,26.010997171839772,32.068805023225515,49.83542276914721
2023-07-31,0.03203762765404226,0.047449076815953256,0.05220925003132421,0.05585394213516801,0.0761284015824568,0.06207066088062959,0.05674150168167113,0.0565569168818631,0.0416227570402792,0.054570389272172067,4.821926731010748,10.980743160255843,13.423360223544567,15.558529461438845,17.702974852598732,20.01774089412294,22.50896075355704,26.010997171839772,32.068805023225515,49.83542276914721
2023-08-31,-0.043437755052185494,-0.037785447408110434,-0.05025210944821307,-0.05053211561114085,-0.06476073634830788,-0.057594400786409344,-0.03798207951990662,-0.0668348229025527,-0.09392183536269229,-0.13316541995912318,4.821926731010748,10.980743160255843,13.423360223544567,15.558529461438845,17.702974852598732,20.01774089412294,22.50896075355704,26.010997171839772,32.068805023225515,49.83542276914721
2023-09-29,-0.033325548392188334,-0.046011312888003884,-0.053631046996656155,-0.05653899573581675,-0.060788687206873485,-0.06051457507227395,-0.06975620585171445,-0.06654855854312129,-0.07928485769748952,-0.11632230583021082,4.821926731010748,10.980743160255843,13.423360223544567,15.558529461438845,17.702974852598732,20.01774089412294,22.50896075355704,26.010997171839772,32.068805023225515,49.83542276914721
2023-10-31,-0.050191864119784484,-0.039851433894802286,-0.05760267884776878,-0.038995937463321174,-0.050464974547912246,-0.027824343041292124,-0.08701325037702055,-0.09629322922443542,-0.09521267010044973,-0.09586835524723789,4.821926731010748,10.980743160255843,13.423360223544567,15.558529461438845,17.702974852598732,20.01774089412294,22.50896075355704,26.010997171839772,32.068805023225515,49.83542276914721
2023-11-30,0.06793343319838831,0.07372537289894271,0.08416206784332715,0.07038736161883466,0.07905339728622024,0.08065536730753875,0.08822478373210138,0.07209108853104795,0.08216392742614274,0.07830536935362034,4.821926731010748,10.980743160255843,13.423360223544567,15.558529461438845,17.702974852598732,20.01774089412294,22.50896075355704,26.010997171839772,32.068805023225515,49.83542276914721
2023-12-29,0.07697769182077908,0.09135356523885976,0.10922554792610153,0.08844507698042967,0.12074927146033453,0.11750782540266717,0.11468650232377327,0.12416916420806051,0.140017604885846,0.1668205492819349,4.821926731010748,10.980743160255843,13.423360223544567,15.558529461438845,17.702974852598732,20.01774089412294,22.50896075355704,26.010997171839772,32.068805023225515,49.83542276914721
